Position,Name,Jersey,Rating,Raking,Depth,Height,Weight,Age,Birthday,Experience,College,Team
PG,Trae Young,8,89,#6 PG,1,"6' 0""",178,21,9/19/98,2nd season,Oklahoma,Atlanta Hawks
PG,Jeff Teague,0,76,#31 PG,2,"6' 2""",194,31,10/6/1988,11th season,Wake Forest,Atlanta Hawks
PG,Brandon Goodwin,0,68,#106 PG,3,"6' 0""",178,24,2/10/1995,2nd season,,Atlanta Hawks
SG,Kevin Huerter,3,72,#42 SG,1,"6' 7""",189,21,8/27/98,2nd season,Maryland,Atlanta Hawks
SG,Treveon Graham,2,74,#65 SG,4,"6' 5""",222,25,10/28/93,4th season,Virginia Commonwealth,Atlanta Hawks
SF,De'Andre Hunter,12,76,#32 SF,1,"6' 7""",224,21,2/12/1997,Rookie,Virginia,Atlanta Hawks
SF,DeAndre' Bembry,95,74,#44 SF,2,"6' 5""",209,25,4/7/1994,4th season,Saint Joseph's,Atlanta Hawks
SF,Cam Reddish,22,70,#66 SF,2,"6' 7""",207,20,1/9/1999,Rookie,Duke,Atlanta Hawks
SF,Charlie Brown,4,70,#83 SF,,"6' 5""",198,22,2/2/1997,Rookie,Saint Joseph's,Atlanta Hawks
PF,John Collins,20,83,#7 PF,1,"6' 9""",233,22,9/23/97,3rd season,Wake Forest,Atlanta Hawks
PF,Vince Carter,15,69,#57 PF,3,"6' 5""",218,42,1/26/77,22nd season,UNC,Atlanta Hawks
C,Clint Capela,15,87,#4 C,1,"6' 9""",238,25,5/18/94,6th season,,Atlanta Hawks
C,Dewayne Dedmon,13,75,#86 C,2,"6' 11""",244,30,12/8/1989,7th season,USC,Atlanta Hawks
C,Skal Labissiere,17,72,#47 C,2,"6' 9""",213,23,3/18/96,4th season,Kentucky,Atlanta Hawks
C,Bruno Fernando,24,76,#75 C,3,"6' 9""",231,21,8/15/98,Rookie,Maryland,Atlanta Hawks
C,Damian Jones,30,72,#65 C,4,"6' 11""",244,24,6/30/95,4th season,Vanderbilt,Atlanta Hawks
PG,Kemba Walker,8,90,#17 PG,1,"6' 0""",171,29,8/5/1990,9th season,UConn,Boston Celtics
PG,Marcus Smart,36,78,#54 PG,2,"6' 2""",224,25,6/3/1994,6th season,Oklahoma State,Boston Celtics
PG,Brad Wanamaker,9,76,#67 PG,2,"6' 2""",209,30,7/25/89,2nd season,Pitt,Boston Celtics
PG,Tremont Waters,51,71,#104 PG,4,"5' 10""",174,21,10/1/1998,Rookie,LSU,Boston Celtics
SG,Carsen Edwards,4,73,#36 SG,3,"5' 10""",198,21,12/3/1998,Rookie,Purdue,Boston Celtics
SG,Romeo Langford,45,71,#24 SG,3,"6' 3""",213,19,10/25/99,Rookie,Indiana,Boston Celtics
SF,Jaylen Brown,7,83,#7 SF,1,"6' 5""",222,22,10/24/96,4th season,California,Boston Celtics
SF,Javonte Green,43,70,#53 SF,5,"6' 3""",218,26,7/23/93,Rookie,Radford,Boston Celtics
PF,Jayson Tatum,0,89,#14 PF,1,"6' 7""",202,21,3/3/1998,3rd season,Duke,Boston Celtics
PF,Gordon Hayward,20,85,#19 PF,1,"6' 7""",205,29,3/23/90,10th season,Butler,Boston Celtics
PF,Grant Williams,12,70,#94 PF,2,"6' 5""",235,20,11/30/98,Rookie,Tennessee,Boston Celtics
PF,Semi Ojeleye,37,68,#95 PF,2,"6' 5""",233,24,5/12/1994,3rd season,,Boston Celtics
C,Daniel Theis,27,78,#44 C,1,"6' 7""",213,27,4/4/1992,3rd season,,Boston Celtics
C,Enes Kanter,11,77,#18 C,2,"6' 9""",260,27,5/20/92,9th season,,Boston Celtics
C,Robert Williams,44,78,#62 C,3,"6' 7""",235,22,10/17/97,2nd season,Texas A&M,Boston Celtics
C,Tacko Fall,99,68,#98 C,4,"7' 4""",310,23,10/12/1995,Rookie,Central Florida,Boston Celtics
C,Vincent Poirier,77,75,#92 C,,"6' 11""",233,26,10/17/93,Rookie,,Boston Celtics
PG,Kyrie Irving,11,91,#3 PG,1,"6' 2""",194,27,3/23/92,9th season,Duke,Brooklyn Nets
PG,Spencer Dinwiddie,26,83,#37 PG,2,"6' 5""",213,26,6/4/1993,6th season,Colorado,Brooklyn Nets
PG,Garrett Temple,17,71,#103 PG,2,"6' 5""",194,33,8/5/1986,10th season,LSU,Brooklyn Nets
PG,Chris Chiozza,4,67,#109 PG,4,"5' 10""",174,23,11/21/95,2nd season,Florida,Brooklyn Nets
PG,Jeremiah Martin,0,67,#95 PG,,"6' 2""",182,23,6/19/96,Rookie,Memphis,Brooklyn Nets
SG,Theo Pinson,1,71,#79 SG,3,"6' 5""",211,23,5/11/1995,2nd season,UNC,Brooklyn Nets
SF,Caris LeVert,22,79,#40 SF,1,"6' 5""",202,25,8/25/94,4th season,Michigan,Brooklyn Nets
SF,Joe Harris,12,75,#43 SF,1,"6' 5""",218,28,6/9/1991,6th season,Virginia,Brooklyn Nets
SF,Taurean Prince,2,74,#61 SF,1,"6' 7""",216,25,3/22/94,4th season,Baylor,Brooklyn Nets
SF,Dzanan Musa,13,69,#81 SF,3,"6' 9""",216,20,8/5/1999,2nd season,,Brooklyn Nets
SF,Timothe Luwawu-Cabarrot,9,72,#48 SF,5,"6' 7""",209,24,9/5/1995,4th season,,Brooklyn Nets
PF,Rodions Kurucs,0,72,#99 PF,2,"6' 9""",227,21,5/2/1998,2nd season,,Brooklyn Nets
PF,Wilson Chandler,21,70,#80 PF,2,"6' 7""",233,32,10/5/1987,12th season,DePaul,Brooklyn Nets
PF,Nicolas Claxton,33,74,#78 PF,3,"6' 11""",213,20,4/17/99,Rookie,Georgia,Brooklyn Nets
PF,Kevin Durant,35,99,#2 PF,4,"6' 9""",238,31,9/29/88,13th season,Texas,Brooklyn Nets
C,Jarrett Allen,31,83,#46 C,1,"6' 11""",235,21,4/21/98,3rd season,Texas,Brooklyn Nets
C,DeAndre Jordan,6,79,#40 C,2,"6' 11""",264,31,7/21/88,12th season,Texas A&M,Brooklyn Nets
PG,Devonte' Graham,4,84,#19 PG,1,"6' 0""",182,24,2/22/95,2nd season,Kansas,Charlotte Hornets
PG,Terry Rozier,3,80,#23 PG,1,"6' 0""",189,25,3/17/94,5th season,Louisville,Charlotte Hornets
PG,Kobi Simmons,3,67,#110 PG,,"6' 5""",165,22,4/7/1997,3rd season,Arizona,Charlotte Hornets
SG,Dwayne Bacon,7,71,#77 SG,2,"6' 5""",220,24,8/30/95,3rd season,Florida State,Charlotte Hornets
SG,Malik Monk,1,75,#27 SG,3,"6' 2""",198,21,4/2/1998,3rd season,Kentucky,Charlotte Hornets
SF,Miles Bridges,0,76,#12 SF,1,"6' 5""",224,21,3/21/98,2nd season,Michigan State,Charlotte Hornets
SF,Nicolas Batum,5,71,#45 SF,2,"6' 9""",198,30,12/14/88,12th season,,Charlotte Hornets
SF,Cody Martin,11,75,#75 SF,4,"6' 5""",202,24,9/28/95,Rookie,,Charlotte Hornets
SF,Caleb Martin,10,69,#87 SF,,"6' 5""",202,24,9/28/95,Rookie,,Charlotte Hornets
PF,PJ Washington,25,80,#24 PF,1,"6' 7""",235,21,8/23/98,Rookie,Kentucky,Charlotte Hornets
PF,Ray Spalding,26,70,#102 PF,,"6' 9""",213,22,11/3/1997,2nd season,Louisville,Charlotte Hornets
PF,Jalen McDaniels,6,68,#100 PF,,"6' 9""",191,21,1/31/98,Rookie,San Diego State,Charlotte Hornets
C,Bismack Biyombo,11,75,#28 C,1,"6' 7""",253,27,8/28/92,9th season,,Charlotte Hornets
C,Cody Zeller,40,79,#23 C,2,"6' 11""",238,27,5/10/1992,7th season,Indiana,Charlotte Hornets
C,Willy Hernangomez,9,80,#74 C,3,"6' 11""",238,25,5/27/94,4th season,,Charlotte Hornets
PG,Zach LaVine,8,83,#14 PG,1,"6' 5""",180,24,10/3/1995,6th season,UCLA,Chicago Bulls
PG,Tomas Satoransky,31,80,#65 PG,1,"6' 7""",196,27,10/30/91,4th season,,Chicago Bulls
PG,Kris Dunn,32,76,#78 PG,1,"6' 2""",202,25,3/18/94,4th season,Providence,Chicago Bulls
PG,Ryan Arcidiacono,51,73,#79 PG,3,"6' 2""",194,25,3/26/94,3rd season,Villanova,Chicago Bulls
PG,Shaquille Harrison,3,73,#89 PG,3,"6' 7""",189,26,6/10/1993,3rd season,Tulsa,Chicago Bulls
SG,Coby White,0,79,#21 SG,2,"6' 3""",182,19,2/16/00,Rookie,UNC,Chicago Bulls
SG,Adam Mokoka,20,65,#68 SG,3,"6' 5""",189,21,7/18/98,Rookie,,Chicago Bulls
SG,Max Strus,28,70,#73 SG,,"6' 5""",213,23,3/28/96,Rookie,,Chicago Bulls
SF,Otto Porter,22,79,#11 SF,2,"6' 7""",196,26,3/6/1993,7th season,Georgetown,Chicago Bulls
SF,Denzel Valentine,45,73,#28 SF,2,"6' 3""",209,25,11/16/93,3rd season,Michigan State,Chicago Bulls
SF,Chandler Hutchison,15,73,#19 SF,4,"6' 7""",194,23,4/26/96,2nd season,Boise State,Chicago Bulls
PF,Lauri Markkanen,24,81,#30 PF,1,"6' 11""",238,22,5/22/97,3rd season,Arizona,Chicago Bulls
PF,Thaddeus Young,21,76,#39 PF,2,"6' 7""",218,31,6/21/88,13th season,Georgia Tech,Chicago Bulls
C,Wendell Carter Jr.,34,82,#36 C,1,"6' 9""",257,20,4/16/99,2nd season,Duke,Chicago Bulls
C,Daniel Gafford,12,74,#63 C,2,"6' 9""",233,21,1/10/1998,Rookie,Arkansas,Chicago Bulls
C,Luke Kornet,2,74,#70 C,3,"7' 1""",238,24,7/15/95,3rd season,Vanderbilt,Chicago Bulls
C,Cristiano Felicio,6,71,#94 C,4,"6' 9""",268,27,7/7/1992,5th season,,Chicago Bulls
PG,Collin Sexton,2,81,#59 PG,1,"6' 0""",189,20,4/1/1999,2nd season,Alabama,Cleveland Cavaliers
PG,Darius Garland,10,71,#74 PG,1,"6' 0""",174,19,1/26/00,Rookie,Vanderbilt,Cleveland Cavaliers
PG,Dante Exum,1,70,#76 PG,2,"6' 5""",189,24,7/13/95,5th season,,Cleveland Cavaliers
PG,Matthew Dellavedova,18,71,#105 PG,3,"6' 2""",198,29,8/9/1990,7th season,Saint Mary's,Cleveland Cavaliers
SG,Matt Mooney,3,68,#84 SG,,"6' 2""",198,22,7/2/1997,Rookie,,Cleveland Cavaliers
SF,Cedi Osman,16,77,#25 SF,1,"6' 7""",213,24,8/4/1995,3rd season,,Cleveland Cavaliers
SF,Kevin Porter Jr.,4,72,#52 SF,2,"6' 3""",213,19,4/5/2000,Rookie,USC,Cleveland Cavaliers
SF,Alfonzo McKinnie,28,72,#50 SF,3,"6' 7""",213,27,9/17/92,3rd season,Green Bay,Cleveland Cavaliers
PF,Dean Wade,32,70,#81 PF,5,"6' 9""",227,22,11/20/96,Rookie,Kansas State,Cleveland Cavaliers
C,Andre Drummond,3,85,#17 C,1,"6' 9""",277,26,10/8/1993,8th season,UConn,Cleveland Cavaliers
C,Kevin Love,0,84,#38 C,1,"6' 7""",213,31,7/9/1988,12th season,UCLA,Cleveland Cavaliers
C,Tristan Thompson,13,83,#52 C,2,"6' 9""",235,28,3/13/91,9th season,Texas,Cleveland Cavaliers
C,Larry Nance Jr.,22,82,#32 C,2,"6' 7""",229,26,1/1/1993,5th season,Wyoming,Cleveland Cavaliers
C,Ante Zizic,41,70,#91 C,3,"6' 9""",253,22,4/1/1997,3rd season,,Cleveland Cavaliers
GF,Dylan Windler,,69,,2,"6' 5""",194,23,9/22/96,Rookie,Belmont,Cleveland Cavaliers
PG,Luka Doncic,77,94,#1 PG,1,"6' 7""",216,20,2/28/99,2nd season,,Dallas Mavericks
PG,Seth Curry,31,81,#58 PG,2,"6' 2""",182,29,8/23/90,6th season,,Dallas Mavericks
PG,Jalen Brunson,13,76,#27 PG,2,"6' 0""",189,23,8/31/96,2nd season,Villanova,Dallas Mavericks
PG,J.J. Barea,5,79,#30 PG,3,"5' 10""",182,35,6/26/84,14th season,Northeastern University,Dallas Mavericks
PG,Delon Wright,55,74,#41 PG,3,"6' 5""",182,27,4/26/92,5th season,Utah,Dallas Mavericks
SG,Tim Hardaway Jr.,11,82,#8 SG,1,"6' 5""",202,27,3/16/92,7th season,Michigan,Dallas Mavericks
SG,Courtney Lee,1,69,#55 SG,4,"6' 5""",213,34,3/10/1985,12th season,Western Kentucky,Dallas Mavericks
SG,Josh Reaves,23,67,,,"6' 3""",213,22,4/6/1997,Rookie,Penn State,Dallas Mavericks
SG,Antonius Cleveland,3,64,#85 SG,,"6' 5""",194,25,2/2/1994,2nd season,SE Missouri State,Dallas Mavericks
PF,Kristaps Porzingis,6,86,#10 PF,1,"7' 3""",238,24,2/8/1995,4th season,,Dallas Mavericks
PF,Dorian Finney-Smith,10,79,#37 PF,1,"6' 7""",218,26,4/5/1993,4th season,Florida,Dallas Mavericks
PF,Justin Jackson,44,70,#52 PF,2,"6' 7""",209,24,3/28/95,3rd season,UNC,Dallas Mavericks
PF,Michael Kidd-Gilchrist,14,71,#60 PF,3,"6' 5""",231,26,9/26/93,8th season,Kentucky,Dallas Mavericks
C,Dwight Powell,7,81,#64 C,1,"6' 9""",238,28,7/20/91,6th season,Stanford,Dallas Mavericks
C,Maxi Kleber,42,79,#31 C,2,"6' 9""",238,27,1/29/92,3rd season,,Dallas Mavericks
C,Boban Marjanovic,51,77,#82 C,2,"7' 4""",288,31,8/15/88,5th season,,Dallas Mavericks
C,Willie Cauley-Stein,33,78,#42 C,3,"6' 11""",238,26,8/18/93,5th season,Kentucky,Dallas Mavericks
PG,Jamal Murray,27,84,#22 PG,1,"6' 3""",200,22,2/23/97,4th season,Kentucky,Denver Nuggets
PG,Jordan McRae,52,78,#48 PG,2,"6' 5""",178,28,3/28/91,4th season,Tennessee,Denver Nuggets
PG,Monte Morris,11,77,#38 PG,2,"6' 2""",174,24,6/27/95,3rd season,Iowa State,Denver Nuggets
PG,PJ Dozier,35,70,#101 PG,,"6' 5""",202,22,10/25/96,3rd season,South Carolina,Denver Nuggets
SG,Gary Harris,14,73,#32 SG,1,"6' 3""",202,25,9/14/94,6th season,Michigan State,Denver Nuggets
SF,Will Barton,5,79,#10 SF,1,"6' 5""",174,28,6/1/1991,8th season,Memphis,Denver Nuggets
SF,Torrey Craig,3,74,#37 SF,3,"6' 7""",213,28,12/19/90,3rd season,USC Upstate,Denver Nuggets
SF,Keita Bates-Diop,6,72,#77 SF,3,"6' 7""",227,23,1/23/96,2nd season,Ohio State,Denver Nuggets
SF,Vlatko Cancar,31,68,#49 SF,,"6' 7""",209,22,10/4/1997,Rookie,,Denver Nuggets
PF,Paul Millsap,4,83,#17 PF,1,"6' 7""",249,34,10/2/1985,14th season,Louisiana Tech,Denver Nuggets
PF,Michael Porter Jr.,1,81,#29 PF,2,"6' 9""",213,21,6/29/98,Rookie,Missouri,Denver Nuggets
PF,Jerami Grant,9,80,#31 PF,2,"6' 7""",213,25,12/3/1994,6th season,Syracuse,Denver Nuggets
C,Nikola Jokic,15,90,#3 C,1,"6' 11""",251,24,2/19/95,5th season,,Denver Nuggets
C,Mason Plumlee,7,81,#61 C,2,"6' 11""",235,29,5/3/1990,7th season,Duke,Denver Nuggets
C,Noah Vonleh,1,79,#81 C,3,"6' 9""",255,24,8/24/95,6th season,Indiana,Denver Nuggets
C,Bol Bol,,71,#76 C,3,"7' 1""",233,19,11/16/99,Rookie,Oregon,Denver Nuggets
PG,Stephen Curry,30,96,#2 PG,1,"6' 2""",189,31,3/14/88,11th season,Davidson,Golden State Warriors
PG,Ky Bowman,12,72,#94 PG,2,"6' 0""",180,22,6/16/97,Rookie,Boston College,Golden State Warriors
PG,Jeremy Pargo,20,70,#102 PG,,"6' 2""",218,33,3/17/86,3rd season,Gonzaga,Golden State Warriors
SG,Damion Lee,1,76,#34 SG,1,"6' 5""",209,27,10/21/92,3rd season,,Golden State Warriors
SG,Jordan Poole,3,73,#44 SG,2,"6' 3""",194,20,6/19/99,Rookie,Michigan,Golden State Warriors
SG,Klay Thompson,11,88,#2 SG,3,"6' 5""",213,29,8/2/1990,9th season,Washington State,Golden State Warriors
SG,Zach Norvell,21,68,#70 SG,,"6' 5""",205,21,9/12/1997,Rookie,Gonzaga,Golden State Warriors
SG,Mychal Mulder,,66,,,"6' 3""",182,25,12/6/1994,Rookie,,Golden State Warriors
SF,Andrew Wiggins,22,85,#5 SF,1,"6' 7""",191,24,2/23/95,6th season,Kansas,Golden State Warriors
SF,Juan Toscano-Anderson,95,67,#86 SF,,"6' 5""",213,26,10/4/1993,Rookie,Marquette,Golden State Warriors
PF,Draymond Green,23,81,#18 PF,1,"6' 5""",229,29,4/3/1990,8th season,Michigan State,Golden State Warriors
PF,Marquese Chriss,32,75,#33 PF,1,"6' 9""",238,22,2/7/1997,4th season,Washington,Golden State Warriors
PF,Eric Paschall,7,78,#54 PF,2,"6' 5""",253,22,4/11/1996,Rookie,,Golden State Warriors
PF,Alen Smailagic,6,72,#72 PF,3,"6' 9""",213,19,8/18/00,Rookie,,Golden State Warriors
PF,Dragan Bender,17,72,#73 PF,,"6' 11""",224,21,11/17/97,4th season,,Golden State Warriors
C,Kevon Looney,5,75,#72 C,2,"6' 9""",218,23,6/2/1996,5th season,UCLA,Golden State Warriors
PG,Langston Galloway,9,76,#73 PG,2,"6' 0""",198,27,9/12/1991,6th season,Saint Joseph's,Detroit Piston
PG,Derrick Rose,25,82,#12 PG,3,"6' 2""",198,31,4/10/1988,11th season,Memphis,Detroit Piston
PG,Brandon Knight,20,72,#100 PG,3,"6' 2""",194,27,2/12/1991,8th season,Kentucky,Detroit Piston
PG,Jordan Bone,18,66,#90 PG,5,"6' 2""",178,21,5/11/1997,Rookie,Tennessee,Detroit Piston
SG,Luke Kennard,5,80,#14 SG,1,"6' 5""",205,23,6/24/96,3rd season,Duke,Detroit Piston
SG,Bruce Brown,6,73,#31 SG,2,"6' 3""",200,23,8/15/96,2nd season,Miami (FL),Detroit Piston
SG,Khyri Thomas,13,68,#76 SG,4,"6' 2""",209,23,8/5/1996,2nd season,Creighton,Detroit Piston
SF,Sviatoslav Mykhailiuk,19,71,#22 SF,1,"6' 7""",202,22,10/6/1997,2nd season,Kansas,Detroit Piston
SF,Sekou Doumbouya,45,75,#74 SF,2,"6' 7""",207,18,12/23/00,Rookie,,Detroit Piston
SF,Tony Snell,17,73,#64 SF,2,"6' 5""",211,27,10/11/1991,7th season,New Mexico,Detroit Piston
SF,Louis King,14,69,#82 SF,,"6' 7""",194,20,6/4/1999,Rookie,Oregon,Detroit Piston
PF,Blake Griffin,23,85,#11 PF,1,"6' 9""",249,30,3/16/89,10th season,Oklahoma,Detroit Piston
PF,Christian Wood,35,82,#38 PF,1,"6' 9""",213,24,9/27/95,4th season,UNLV,Detroit Piston
C,Thon Maker,7,72,#78 C,2,"6' 11""",220,22,2/25/97,4th season,,Detroit Piston
C,John Henson,31,73,#41 C,3,"6' 9""",218,28,12/28/90,8th season,UNC,Detroit Piston
PG,James Harden,13,98,#4 PG,1,"6' 5""",218,30,8/26/89,11th season,Arizona State,Houston Rockets
PG,Russell Westbrook,0,87,#9 PG,1,"6' 2""",198,30,12/11/1988,12th season,UCLA,Houston Rockets
PG,Eric Gordon,10,80,#45 PG,2,"6' 2""",213,30,12/25/88,12th season,Indiana,Houston Rockets
PG,Austin Rivers,25,78,#52 PG,2,"6' 2""",198,27,1/8/1992,8th season,Duke,Houston Rockets
SG,Ben McLemore,16,78,#40 SG,2,"6' 2""",194,26,11/2/1993,7th season,Kansas,Houston Rockets
SG,Chris Clemons,3,71,#49 SG,3,"5' 8""",178,22,7/23/97,Rookie,Campbell,Houston Rockets
SG,Michael Frazier,21,66,#82 SG,4,"6' 2""",198,25,8/3/1994,Rookie,Florida,Houston Rockets
SG,William Howard,52,66,#83 SG,,"6' 7""",202,25,10/25/93,Rookie,,Houston Rockets
SF,Danuel House,4,78,#23 SF,1,"6' 5""",213,26,7/6/1993,4th season,Texas A&M,Houston Rockets
SF,Bruno Caboclo,5,70,#72 SF,2,"6' 9""",216,24,9/21/95,6th season,,Houston Rockets
PF,Robert Covington,8,79,#35 PF,1,"6' 7""",209,28,12/14/90,7th season,Tennessee State,Houston Rockets
PF,P.J. Tucker,17,76,#47 PF,1,"6' 5""",244,34,5/5/1985,9th season,Texas,Houston Rockets
PF,Jeff Green,22,72,#21 PF,1,"6' 7""",233,33,8/28/86,12th season,Georgetown,Houston Rockets
PF,DeMarre Carroll,77,77,#69 PF,3,"6' 5""",213,33,7/27/86,11th season,,Houston Rockets
PF,Thabo Sefolosha,18,72,#79 PF,,"6' 5""",218,35,2/5/1984,14th season,,Houston Rockets
C,Isaiah Hartenstein,55,74,#88 C,2,"6' 11""",246,21,5/5/1998,2nd season,,Houston Rockets
C,Tyson Chandler,19,76,#84 C,3,"6' 11""",238,37,2/10/1982,19th season,,Houston Rockets
PG,Victor Oladipo,4,86,#7 PG,1,"6' 3""",209,27,4/5/1992,7th season,Indiana,Indiana Pacers
PG,Malcolm Brogdon,7,82,#28 PG,1,"6' 5""",227,26,11/12/1992,4th season,Virginia,Indiana Pacers
PG,Aaron Holiday,3,73,#57 PG,2,"6' 0""",182,23,9/30/96,2nd season,UCLA,Indiana Pacers
PG,T.J. McConnell,9,79,#60 PG,3,"6' 0""",189,27,3/25/92,5th season,,Indiana Pacers
PG,Edmond Sumner,5,70,#83 PG,3,"6' 3""",174,23,12/31/95,3rd season,Xavier,Indiana Pacers
SG,Justin Holiday,8,79,#23 SG,2,"6' 5""",180,30,5/4/1989,7th season,Washington,Indiana Pacers
SG,Brian Bowen,10,65,#81 SG,,"6' 5""",189,21,2/10/1998,Rookie,,Indiana Pacers
SG,Naz Mitrou-Long,15,63,#86 SG,,"6' 2""",216,26,3/8/1993,3rd season,Iowa State,Indiana Pacers
SF,T.J. Warren,1,83,#13 SF,1,"6' 7""",213,26,5/9/1993,6th season,NC State,Indiana Pacers
SF,Jeremy Lamb,26,82,#31 SF,2,"6' 5""",182,27,5/30/92,8th season,UConn,Indiana Pacers
SF,JaKarr Sampson,14,70,#58 SF,4,"6' 7""",213,26,3/20/93,5th season,St. John's,Indiana Pacers
PF,T.J. Leaf,22,76,#59 PF,2,"6' 9""",224,22,4/30/97,3rd season,UCLA,Indiana Pacers
PF,Doug McDermott,20,75,#48 PF,3,"6' 7""",224,27,3/1/1992,6th season,Creighton,Indiana Pacers
PF,Alize Johnson,24,72,#91 PF,3,"6' 7""",211,23,4/22/96,2nd season,Missouri State,Indiana Pacers
C,Domantas Sabonis,11,84,#8 C,1,"6' 11""",238,23,3/5/1996,4th season,Gonzaga,Indiana Pacers
C,Myles Turner,33,80,#22 C,1,"6' 11""",249,23,3/24/96,5th season,Texas,Indiana Pacers
C,Goga Bitadze,88,77,#77 C,2,"6' 11""",244,20,7/20/99,Rookie,,Indiana Pacers
PG,Reggie Jackson,1,81,#40 PG,1,"6' 2""",207,29,4/16/90,9th season,Boston College,Los Angeles Clippers
PG,Patrick Beverley,21,79,#44 PG,1,"6' 0""",182,31,12/7/1988,8th season,Arkansas,Los Angeles Clippers
PG,Lou Williams,23,84,#39 PG,2,"6' 0""",174,32,10/27/86,15th season,,Los Angeles Clippers
SG,Landry Shamet,20,76,#17 SG,2,"6' 3""",187,22,3/13/97,2nd season,Wichita State,Los Angeles Clippers
SG,Rodney McGruder,19,72,#47 SG,2,"6' 3""",198,28,7/29/91,4th season,Kansas State,Los Angeles Clippers
SG,Terance Mann,14,70,#71 SG,3,"6' 5""",213,23,10/18/96,Rookie,Florida State,Los Angeles Clippers
SG,Amir Coffey,7,65,#75 SG,,"6' 7""",202,22,6/17/97,Rookie,Minnesota,Los Angeles Clippers
SF,Kawhi Leonard,2,95,#1 SF,1,"6' 7""",229,28,6/29/91,9th season,San Diego State,Los Angeles Clippers
SF,Paul George,13,90,#2 SF,1,"6' 7""",218,29,2/5/1990,10th season,Fresno State,Los Angeles Clippers
PF,Marcus Morris,31,79,#9 PF,1,"6' 7""",233,30,2/9/1989,9th season,Kansas,Los Angeles Clippers
PF,JaMychal Green,4,73,#45 PF,2,"6' 7""",224,29,6/21/90,6th season,Alabama,Los Angeles Clippers
PF,Patrick Patterson,54,76,#64 PF,3,"6' 7""",229,30,3/14/89,10th season,Kentucky,Los Angeles Clippers
PF,Johnathan Motley,15,67,#96 PF,,"6' 7""",229,24,4/5/1995,3rd season,Baylor,Los Angeles Clippers
C,Ivica Zubac,40,76,#25 C,1,"6' 11""",238,22,3/18/97,4th season,,Los Angeles Clippers
C,Montrezl Harrell,5,87,#13 C,2,"6' 7""",238,25,1/26/94,5th season,Louisville,Los Angeles Clippers
C,Mfiondu Kabengele,25,69,#93 C,4,"6' 9""",249,22,8/14/97,Rookie,Florida State,Los Angeles Clippers
PG,Avery Bradley,11,74,#63 PG,1,"6' 2""",178,28,11/26/90,10th season,Texas,Los Angeles Lakers
PG,Rajon Rondo,9,80,#34 PG,2,"6' 0""",185,33,2/22/86,14th season,Kentucky,Los Angeles Lakers
PG,Quinn Cook,28,72,#93 PG,3,"6' 0""",178,26,3/23/93,4th season,Duke,Los Angeles Lakers
PG,Alex Caruso,4,78,#62 PG,4,"6' 5""",185,25,2/28/94,3rd season,Texas A&M,Los Angeles Lakers
SG,Danny Green,14,77,#16 SG,1,"6' 5""",213,32,6/22/87,11th season,UNC,Los Angeles Lakers
SG,K. Caldwell-Pope,1,75,#37 SG,2,"6' 5""",202,26,2/18/93,7th season,Georgia,Los Angeles Lakers
SG,Troy Daniels,30,72,#38 SG,3,"6' 3""",202,28,7/15/91,7th season,Virginia Commonwealth,Los Angeles Lakers
SG,Talen Horton-Tucker,5,71,#45 SG,4,"6' 3""",233,18,11/25/00,Rookie,Iowa State,Los Angeles Lakers
PF,LeBron James,23,99,#3 PF,1,"6' 9""",249,34,12/30/84,17th season,,Los Angeles Lakers
PF,Kyle Kuzma,0,78,#50 PF,2,"6' 7""",218,24,7/24/95,3rd season,Utah,Los Angeles Lakers
PF,Jared Dudley,10,69,#93 PF,2,"6' 5""",235,34,10/7/1985,13th season,Boston College,Los Angeles Lakers
PF,Markieff Morris,88,74,#73 PF,3,"6' 7""",244,30,2/9/1989,9th season,Kansas,Los Angeles Lakers
PF,Kostas Antetokounmpo,37,72,#104 PF,,"6' 9""",198,21,11/20/97,2nd season,Dayton,Los Angeles Lakers
PF,Devontae Cacok,,66,#76 PF,,"6' 7""",238,23,8/10/1996,Rookie,UNC Wilmington,Los Angeles Lakers
C,Anthony Davis,3,96,#1 C,1,"6' 9""",251,26,11/3/1993,8th season,Kentucky,Los Angeles Lakers
C,JaVale McGee,7,80,#45 C,1,"6' 11""",268,31,1/19/88,12th season,Nevada,Los Angeles Lakers
C,Dwight Howard,39,84,#54 C,2,"6' 9""",264,33,8/12/1985,16th season,,Los Angeles Lakers
PG,Ja Morant,12,84,#13 PG,1,"6' 2""",174,20,10/8/1999,Rookie,Murray State,Memphis Grizzeles
PG,Tyus Jones,21,79,#68 PG,2,"6' 0""",194,23,10/5/1996,5th season,Duke,Memphis Grizzeles
PG,De'Anthony Melton,0,72,#80 PG,2,"6' 2""",198,21,5/28/98,2nd season,USC,Memphis Grizzeles
SG,Grayson Allen,3,75,#69 SG,4,"6' 3""",196,24,8/10/1995,2nd season,Duke,Memphis Grizzeles
SG,John Konchar,46,75,#64 SG,,"6' 5""",209,23,3/22/96,Rookie,Purdue-Fort Wayne,Memphis Grizzeles
SG,Marko Guduric,23,67,#59 SG,,"6' 5""",200,24,8/3/1995,Rookie,,Memphis Grizzeles
SF,Dillon Brooks,24,80,#16 SF,1,"6' 7""",218,23,1/22/96,3rd season,Oregon,Memphis Grizzeles
SF,Josh Jackson,20,74,#54 SF,3,"6' 7""",205,22,10/2/1997,3rd season,Kansas,Memphis Grizzeles
SF,Yuta Watanabe,18,69,#70 SF,,"6' 7""",202,25,10/13/94,2nd season,George Washington,Memphis Grizzeles
PF,Justise Winslow,20,78,#41 PF,1,"6' 5""",224,23,3/26/96,5th season,Duke,Memphis Grizzeles
PF,Brandon Clarke,15,81,#25 PF,2,"6' 7""",209,23,9/19/96,Rookie,,Memphis Grizzeles
PF,Kyle Anderson,1,75,#71 PF,2,"6' 9""",229,26,9/20/93,6th season,UCLA,Memphis Grizzeles
PF,Anthony Tolliver,43,70,#74 PF,3,"6' 7""",238,34,1/6/1985,12th season,Creighton,Memphis Grizzeles
C,Jonas Valanciunas,17,83,#10 C,1,"6' 11""",264,27,6/5/1992,8th season,,Memphis Grizzeles
C,Jaren Jackson Jr.,13,81,#12 C,1,"6' 11""",240,20,9/15/99,2nd season,Michigan State,Memphis Grizzeles
C,Gorgui Dieng,5,77,#59 C,2,"6' 9""",251,29,1/18/90,7th season,Louisville,Memphis Grizzeles
C,Jordan Bell,7,75,#73 C,3,"6' 7""",213,24,7/1/1995,3rd season,Oregon,Memphis Grizzeles
PG,Goran Dragic,7,82,#43 PG,2,"6' 2""",189,33,6/5/1986,12th season,,Miami Heat
PG,Gabe Vincent,2,70,#108 PG,,"6' 2""",198,23,6/14/96,Rookie,UC Santa Barbara,Miami Heat
SG,Kendrick Nunn,25,80,#29 SG,1,"6' 2""",189,24,3/8/1995,Rookie,,Miami Heat
SG,Tyler Herro,14,74,#15 SG,3,"6' 5""",198,19,1/20/00,Rookie,Kentucky,Miami Heat
SF,Jimmy Butler,22,87,#3 SF,1,"6' 7""",229,30,9/14/89,9th season,Marquette,Miami Heat
SF,Derrick Jones Jr.,5,78,#27 SF,2,"6' 5""",209,22,2/15/97,4th season,UNLV,Miami Heat
SF,Andre Iguodala,28,77,#14 SF,2,"6' 5""",213,35,1/28/84,16th season,Arizona,Miami Heat
SF,Jae Crowder,99,76,#47 SF,3,"6' 5""",233,29,6/7/1990,8th season,Marquette,Miami Heat
SF,Solomon Hill,44,75,#56 SF,4,"6' 5""",224,28,3/18/91,7th season,Arizona,Miami Heat
SF,KZ Okpala,4,74,#57 SF,5,"6' 7""",213,20,4/28/99,Rookie,Stanford,Miami Heat
PF,Duncan Robinson,55,80,#23 PF,1,"6' 7""",213,25,4/22/94,2nd season,,Miami Heat
PF,Chris Silva,30,74,#90 PF,2,"6' 7""",229,23,9/19/96,Rookie,South Carolina,Miami Heat
PF,Kyle Alexander,45,66,#87 PF,,"6' 11""",220,23,10/21/96,Rookie,Tennessee,Miami Heat
C,Bam Adebayo,13,86,#7 C,1,"6' 9""",253,22,7/18/97,3rd season,Kentucky,Miami Heat
C,Meyers Leonard,0,76,#53 C,1,"6' 11""",257,27,2/27/92,8th season,Illinois,Miami Heat
C,Kelly Olynyk,9,79,#35 C,2,"6' 11""",238,28,4/19/91,7th season,Gonzaga,Miami Heat
C,Udonis Haslem,40,73,#99 C,3,"6' 7""",233,39,9/6/1980,17th season,Florida,Miami Heat
PG,Eric Bledsoe,6,84,#36 PG,1,"6' 0""",202,29,9/12/1989,10th season,Kentucky,Milwaukee Bucks
PG,George Hill,3,79,#25 PG,2,"6' 2""",187,33,4/5/1986,12th season,IUPUI,Milwaukee Bucks
PG,Frank Mason III,15,68,#84 PG,,"5' 10""",189,25,3/4/1994,3rd season,Kansas,Milwaukee Bucks
SG,Donte DiVincenzo,0,83,#19 SG,1,"6' 3""",202,22,1/31/97,2nd season,Villanova,Milwaukee Bucks
SG,Pat Connaughton,24,77,#28 SG,2,"6' 5""",207,26,6/1/1993,5th season,Notre Dame,Milwaukee Bucks
SG,Cameron Reynolds,13,68,#48 SG,5,"6' 7""",224,24,7/2/1995,2nd season,Tulane,Milwaukee Bucks
SF,Khris Middleton,22,86,#8 SF,1,"6' 7""",220,28,12/8/1991,8th season,Texas A&M,Milwaukee Bucks
SF,Wesley Matthews,9,76,#42 SF,2,"6' 3""",218,33,10/14/86,11th season,Marquette,Milwaukee Bucks
SF,Sterling Brown,23,69,#60 SF,3,"6' 5""",231,24,10/2/1995,3rd season,SMU,Milwaukee Bucks
SF,Thanasis Antetokounmpo,43,68,#73 SF,4,"6' 5""",202,27,7/18/92,2nd season,,Milwaukee Bucks
PF,Giannis Antetokounmpo,34,95,#1 PF,1,"6' 11""",240,24,6/12/1994,7th season,,Milwaukee Bucks
PF,Ersan Ilyasova,7,76,#42 PF,2,"6' 9""",233,32,5/15/87,12th season,,Milwaukee Bucks
PF,Marvin Williams,2,75,#67 PF,2,"6' 7""",235,33,6/19/86,15th season,UNC,Milwaukee Bucks
PF,D.J. Wilson,5,73,#98 PF,3,"6' 9""",229,23,2/19/96,3rd season,Michigan,Milwaukee Bucks
PF,Kyle Korver,26,72,#49 PF,3,"6' 7""",211,38,3/17/81,17th season,Creighton,Milwaukee Bucks
C,Brook Lopez,11,79,#68 C,1,"6' 11""",268,31,1/4/1988,12th season,Stanford,Milwaukee Bucks
C,Robin Lopez,42,75,#69 C,2,"6' 11""",273,31,1/4/1988,12th season,Stanford,Milwaukee Bucks
PG,D'Angelo Russell,0,87,#11 PG,1,"6' 3""",196,23,2/23/96,5th season,Ohio State,Minnesota Timberwolves
PG,Jordan McLaughlin,6,76,#75 PG,2,"5' 10""",169,23,9/4/1996,Rookie,USC,Minnesota Timberwolves
PG,Evan Turner,1,73,#87 PG,4,"6' 5""",218,30,10/27/88,10th season,Ohio State,Minnesota Timberwolves
SG,Jarrett Culver,23,76,#60 SG,1,"6' 5""",194,20,2/20/99,Rookie,Texas Tech,Minnesota Timberwolves
SG,Josh Okogie,20,77,#18 SG,2,"6' 3""",211,21,1/9/1998,2nd season,Georgia Tech,Minnesota Timberwolves
SG,Malik Beasley,5,76,#30 SG,2,"6' 3""",196,22,11/26/96,4th season,Florida State,Minnesota Timberwolves
SG,Jacob Evans,12,73,#50 SG,3,"6' 3""",209,22,6/18/97,2nd season,Cincinnati,Minnesota Timberwolves
SG,Allen Crabbe,9,69,#56 SG,3,"6' 5""",211,27,9/4/1992,7th season,California,Minnesota Timberwolves
SG,Jaylen Nowell,4,70,#80 SG,5,"6' 3""",194,20,9/7/1999,Rookie,Washington,Minnesota Timberwolves
SF,Kelan Martin,30,67,#84 SF,2,"6' 5""",233,24,3/8/1995,Rookie,Butler,Minnesota Timberwolves
PF,Juan Hernangomez,41,73,#46 PF,1,"6' 9""",218,24,9/28/95,4th season,,Minnesota Timberwolves
PF,Omari Spellman,4,74,#32 PF,2,"6' 7""",244,22,7/21/97,2nd season,Villanova,Minnesota Timberwolves
PF,Jarred Vanderbilt,3,70,#63 PF,2,"6' 9""",213,20,3/4/1999,2nd season,Kentucky,Minnesota Timberwolves
PF,James Johnson,16,77,#55 PF,3,"6' 7""",238,32,2/20/87,11th season,Wake Forest,Minnesota Timberwolves
PF,Jake Layman,10,72,#44 PF,3,"6' 7""",207,25,7/3/1994,4th season,Maryland,Minnesota Timberwolves
C,Karl-Anthony Towns,24,89,#5 C,1,"6' 11""",246,23,11/15/95,5th season,Kentucky,Minnesota Timberwolves
C,Naz Reid,11,71,#87 C,3,"6' 9""",262,20,8/26/99,Rookie,LSU,Minnesota Timberwolves
PG,Lonzo Ball,2,82,#53 PG,1,"6' 5""",189,21,10/27/97,3rd season,UCLA,New Orlans Pelicans
PG,Jrue Holiday,11,81,#21 PG,1,"6' 2""",202,29,12/6/1990,11th season,UCLA,New Orlans Pelicans
PG,E'Twaun Moore,55,74,#71 PG,2,"6' 2""",189,30,2/25/89,9th season,Purdue,New Orlans Pelicans
PG,Frank Jackson,15,72,#77 PG,2,"6' 2""",202,21,4/5/1998,2nd season,Duke,New Orlans Pelicans
PG,J.J. Redick,4,80,#29 PG,3,"6' 2""",198,35,6/24/84,14th season,Duke,New Orlans Pelicans
PG,Josh Gray,5,68,#107 PG,,"6' 0""",178,26,9/9/1993,2nd season,LSU,New Orlans Pelicans
SG,N. Alexander-Walker,0,72,#25 SG,4,"6' 5""",202,21,2/9/1998,Rookie,Virginia Tech,New Orlans Pelicans
SF,Josh Hart,3,73,#46 SF,2,"6' 5""",213,24,6/3/1995,3rd season,Villanova,New Orlans Pelicans
SF,Darius Miller,21,70,#35 SF,3,"6' 5""",224,29,3/21/90,6th season,Kentucky,New Orlans Pelicans
SF,Zylan Cheatham,45,70,#85 SF,,"6' 5""",218,23,11/17/95,Rookie,,New Orlans Pelicans
PF,Brandon Ingram,14,89,#4 PF,1,"6' 7""",189,22,2/9/1997,4th season,Duke,New Orlans Pelicans
PF,Zion Williamson,1,85,#16 PF,1,"6' 5""",284,19,6/7/2000,Rookie,Duke,New Orlans Pelicans
PF,Kenrich Williams,34,74,#97 PF,2,"6' 5""",209,24,2/12/1994,2nd season,TCU,New Orlans Pelicans
C,Derrick Favors,22,77,#39 C,1,"6' 9""",264,28,7/15/91,10th season,Georgia Tech,New Orlans Pelicans
C,Jahlil Okafor,9,80,#71 C,2,"6' 9""",273,23,12/15/95,5th season,Duke,New Orlans Pelicans
C,Nicolo Melli,20,79,#83 C,3,"6' 9""",233,28,1/26/91,Rookie,,New Orlans Pelicans
C,Jaxson Hayes,10,77,#37 C,3,"6' 11""",218,19,5/23/00,Rookie,Texas,New Orlans Pelicans
PG,Elfrid Payton,6,79,#49 PG,1,"6' 2""",182,25,2/22/94,6th season,LA-Lafayette,New York Knicks
PG,Frank Ntilikina,11,74,#70 PG,2,"6' 3""",189,21,7/28/98,3rd season,,New York Knicks
PG,Dennis Smith Jr.,5,71,#69 PG,3,"6' 2""",194,21,11/25/97,3rd season,NC State,New York Knicks
PG,Allonzo Trier,14,73,#64 PG,4,"6' 3""",198,23,1/17/96,2nd season,Arizona,New York Knicks
PG,Kadeem Allen,0,69,#96 PG,4,"6' 0""",198,26,1/15/93,3rd season,Arizona,New York Knicks
SG,RJ Barrett,9,77,#22 SG,1,"6' 5""",200,19,6/14/00,Rookie,Duke,New York Knicks
SG,Wayne Ellington,2,71,#46 SG,2,"6' 3""",198,31,11/29/87,11th season,UNC,New York Knicks
SG,Damyean Dotson,21,75,#58 SG,3,"6' 5""",200,25,6/5/1994,3rd season,,New York Knicks
SF,Maurice Harkless,8,71,#38 SF,2,"6' 7""",218,26,11/5/1993,8th season,St. John's,New York Knicks
SF,Reggie Bullock,25,74,#51 SF,3,"6' 5""",198,28,3/16/91,7th season,UNC,New York Knicks
SF,Ignas Brazdeikis,17,72,#67 SF,4,"6' 5""",213,20,8/1/1999,Rookie,Michigan,New York Knicks
PF,Kevin Knox,20,75,#56 PF,1,"6' 7""",213,20,11/8/1999,2nd season,Kentucky,New York Knicks
PF,Kenny Wooten,45,72,#92 PF,,"6' 9""",218,21,4/17/98,Rookie,Oregon,New York Knicks
C,Julius Randle,30,85,#34 C,1,"6' 7""",249,24,11/29/94,6th season,Kentucky,New York Knicks
C,Mitchell Robinson,23,81,#15 C,1,"6' 11""",222,21,1/4/1998,2nd season,Western Kentucky,New York Knicks
C,Bobby Portis,1,79,#43 C,2,"6' 9""",244,24,10/2/1995,5th season,Arkansas,New York Knicks
C,Taj Gibson,67,77,#51 C,2,"6' 9""",224,34,6/24/85,11th season,USC,New York Knicks
PG,Chris Paul,3,86,#18 PG,1,"6' 0""",174,34,6/5/1985,15th season,Wake Forest,Oklahoma City Thunder
PG,Shai Gilgeous-Alexander,2,83,#26 PG,1,"6' 5""",180,21,12/7/1998,2nd season,Kentucky,Oklahoma City Thunder
PG,Dennis Schroder,17,82,#33 PG,2,"6' 0""",171,26,9/15/93,7th season,,Oklahoma City Thunder
SG,Luguentz Dort,5,73,#33 SG,3,"6' 2""",213,20,4/19/99,Rookie,Arizona State,Oklahoma City Thunder
SG,Deonte Burton,30,69,#74 SG,3,"6' 3""",238,25,1/31/94,2nd season,,Oklahoma City Thunder
SF,Terrance Ferguson,23,69,#68 SF,1,"6' 5""",189,21,5/17/98,3rd season,,Oklahoma City Thunder
SF,Andre Roberson,21,74,#21 SF,2,"6' 7""",209,27,4/12/1991,6th season,Colorado,Oklahoma City Thunder
SF,Hamidou Diallo,6,71,#76 SF,2,"6' 5""",200,21,7/31/98,2nd season,Kentucky,Oklahoma City Thunder
SF,Abdel Nader,11,71,#71 SF,3,"6' 5""",224,26,9/25/93,3rd season,,Oklahoma City Thunder
SF,Isaiah Roby,22,73,,,"6' 7""",229,21,3/2/1998,Rookie,Nebraska,Oklahoma City Thunder
PF,Danilo Gallinari,8,82,#5 PF,1,"6' 9""",231,31,8/8/1988,11th season,,Oklahoma City Thunder
PF,Darius Bazley,7,71,#88 PF,4,"6' 7""",207,19,12/6/2000,Rookie,,Oklahoma City Thunder
PF,Kevin Hervey,15,68,#89 PF,6,"6' 9""",229,23,9/7/1996,Rookie,UT Arlington,Oklahoma City Thunder
C,Steven Adams,12,81,#20 C,1,"6' 11""",264,26,7/20/93,7th season,Pitt,Oklahoma City Thunder
C,Nerlens Noel,9,81,#27 C,2,"6' 9""",218,25,10/4/1994,6th season,Kentucky,Oklahoma City Thunder
C,Mike Muscala,33,76,#56 C,2,"6' 9""",238,28,1/7/1991,7th season,Bucknell,Oklahoma City Thunder
PG,Markelle Fultz,20,75,#46 PG,1,"6' 2""",198,21,5/29/98,3rd season,Washington,Orlando Magics
PG,D.J. Augustin,14,74,#35 PG,2,"5' 10""",182,31,10/11/1987,12th season,Texas,Orlando Magics
PG,Michael Carter-Williams,7,79,#42 PG,3,"6' 5""",189,28,10/10/1991,7th season,Syracuse,Orlando Magics
SG,Melvin Frazier,35,70,#62 SG,4,"6' 5""",198,23,8/30/96,2nd season,Tulane,Orlando Magics
SF,Evan Fournier,10,78,#9 SF,1,"6' 7""",202,26,10/29/92,8th season,,Orlando Magics
SF,Terrence Ross,31,75,#41 SF,2,"6' 5""",205,28,5/2/1991,8th season,Washington,Orlando Magics
SF,Wesley Iwundu,25,73,#78 SF,2,"6' 5""",194,24,12/20/94,3rd season,Kansas State,Orlando Magics
SF,James Ennis,11,74,#26 SF,3,"6' 5""",209,29,1/7/1990,6th season,Cal State Long Beach,Orlando Magics
SF,Vic Law,23,69,#69 SF,,"6' 7""",198,23,12/19/95,Rookie,Northwestern,Orlando Magics
SF,B.J. Johnson,13,67,#62 SF,,"6' 7""",198,23,12/21/95,2nd season,,Orlando Magics
PF,Jonathan Isaac,1,84,#12 PF,1,"6' 11""",209,22,3/10/1997,3rd season,Florida State,Orlando Magics
PF,Aaron Gordon,0,81,#36 PF,1,"6' 7""",218,24,9/16/95,6th season,Arizona,Orlando Magics
PF,Al-Farouq Aminu,2,77,#34 PF,2,"6' 7""",218,29,9/21/90,10th season,Wake Forest,Orlando Magics
PF,Gary Clark,12,68,#86 PF,2,"6' 5""",224,24,11/16/94,2nd season,Cincinnati,Orlando Magics
C,Nikola Vucevic,9,84,#14 C,1,"6' 11""",257,28,10/24/90,9th season,USC,Orlando Magics
C,Khem Birch,24,69,#97 C,2,"6' 9""",231,27,9/28/92,3rd season,,Orlando Magics
C,Mohamed Bamba,5,78,#26 C,3,"6' 11""",240,21,12/5/1998,2nd season,Texas,Orlando Magics
PG,Ben Simmons,25,85,#10 PG,1,"6' 9""",229,23,7/20/96,3rd season,LSU,Philadelphia 76ers
PG,Raul Neto,19,70,#72 PG,2,"6' 0""",178,27,5/19/92,5th season,,Philadelphia 76ers
SG,Shake Milton,18,75,#39 SG,2,"6' 5""",205,23,9/26/96,2nd season,SMU,Philadelphia 76ers
SG,Zhaire Smith,5,74,#52 SG,2,"6' 2""",198,20,4/6/1999,2nd season,Texas Tech,Philadelphia 76ers
SG,Furkan Korkmaz,30,77,#41 SG,3,"6' 7""",189,22,7/24/97,3rd season,,Philadelphia 76ers
SG,Alec Burks,20,76,#12 SG,3,"6' 5""",213,28,7/20/91,9th season,Colorado,Philadelphia 76ers
SG,Matisse Thybulle,22,79,#9 SG,4,"6' 5""",198,22,4/3/1997,Rookie,Washington,Philadelphia 76ers
SG,Marial Shayok,35,68,#63 SG,4,"6' 5""",194,24,7/26/95,Rookie,,Philadelphia 76ers
SF,Josh Richardson,0,82,#24 SF,1,"6' 5""",198,26,9/15/93,5th season,Tennessee,Philadelphia 76ers
SF,Glenn Robinson III,40,77,#33 SF,2,"6' 5""",220,25,8/1/1994,6th season,Michigan,Philadelphia 76ers
PF,Tobias Harris,12,88,#15 PF,1,"6' 7""",233,27,7/15/92,9th season,Tennessee,Philadelphia 76ers
PF,Mike Scott,1,70,#75 PF,2,"6' 7""",235,31,7/16/88,8th season,Virginia,Philadelphia 76ers
C,Joel Embiid,24,92,#2 C,1,"6' 11""",249,25,3/16/94,4th season,Kansas,Philadelphia 76ers
C,Al Horford,42,84,#33 C,1,"6' 9""",244,33,3/6/1986,13th season,Florida,Philadelphia 76ers
C,Kyle O'Quinn,9,73,#79 C,2,"6' 9""",249,29,3/26/90,8th season,Norfolk State,Philadelphia 76ers
C,Norvel Pelle,14,69,#80 C,3,"6' 9""",213,26,3/2/1993,Rookie,,Philadelphia 76ers
PG,Ricky Rubio,11,77,#56 PG,1,"6' 2""",189,29,10/21/90,9th season,,Phoenix Suns
PG,Jevon Carter,4,75,#81 PG,2,"6' 0""",194,24,9/14/95,2nd season,West Virginia,Phoenix Suns
PG,Elie Okobo,2,70,#97 PG,3,"6' 2""",189,21,10/23/97,2nd season,,Phoenix Suns
PG,Ty Jerome,10,75,#88 PG,5,"6' 5""",194,22,8/7/1997,Rookie,Virginia,Phoenix Suns
PG,Jalen Lecque,0,71,#85 PG,6,"6' 2""",182,19,6/13/00,Rookie,,Phoenix Suns
PG,Jared Harper,12,67,#92 PG,,"5' 10""",174,22,9/14/97,Rookie,Auburn,Phoenix Suns
SG,Devin Booker,1,84,#1 SG,1,"6' 5""",209,22,10/30/96,5th season,Kentucky,Phoenix Suns
SF,Kelly Oubre Jr.,3,79,#18 SF,1,"6' 7""",202,23,9/12/1995,5th season,Kansas,Phoenix Suns
SF,Mikal Bridges,25,78,#17 SF,2,"6' 5""",209,23,8/30/96,2nd season,Villanova,Phoenix Suns
PF,Dario Saric,20,79,#40 PF,2,"6' 9""",224,25,8/4/1994,4th season,,Phoenix Suns
PF,Cameron Johnson,23,71,#77 PF,2,"6' 7""",202,23,3/3/1996,Rookie,,Phoenix Suns
PF,Tariq Owens,41,68,,,"6' 9""",202,24,6/30/95,Rookie,,Phoenix Suns
C,Deandre Ayton,22,88,#21 C,1,"6' 11""",249,21,7/23/98,2nd season,Arizona,Phoenix Suns
C,Aron Baynes,46,76,#19 C,1,"6' 9""",257,32,9/12/1986,8th season,Washington State,Phoenix Suns
C,Cheick Diallo,14,76,#49 C,2,"6' 7""",218,23,9/13/96,4th season,Kansas,Phoenix Suns
C,Frank Kaminsky,8,76,#66 C,3,"6' 11""",238,26,4/4/1993,5th season,Wisconsin,Phoenix Suns
PG,Damian Lillard,0,93,#5 PG,1,"6' 2""",194,29,7/15/90,8th season,Weber State,Portland Trail Blazers
SG,CJ McCollum,3,85,#5 SG,1,"6' 2""",196,28,9/19/91,7th season,Lehigh,Portland Trail Blazers
SG,Gary Trent Jr.,2,75,#13 SG,2,"6' 5""",207,20,1/18/99,2nd season,Duke,Portland Trail Blazers
SG,Anfernee Simons,1,73,#35 SG,2,"6' 2""",180,20,8/6/1999,2nd season,,Portland Trail Blazers
SF,Trevor Ariza,8,78,#30 SF,1,"6' 7""",213,34,6/30/85,16th season,UCLA,Portland Trail Blazers
SF,Rodney Hood,5,78,#20 SF,2,"6' 7""",207,27,10/20/92,6th season,,Portland Trail Blazers
SF,Jaylen Hoard,6,66,#65 SF,,"6' 7""",213,20,3/30/99,Rookie,Wake Forest,Portland Trail Blazers
PF,Carmelo Anthony,0,80,#61 PF,1,"6' 7""",238,35,5/29/84,17th season,Syracuse,Portland Trail Blazers
PF,Mario Hezonja,44,76,#58 PF,3,"6' 7""",200,24,2/25/95,5th season,,Portland Trail Blazers
PF,Nassir Little,9,71,#62 PF,3,"6' 5""",218,19,11/2/2000,Rookie,UNC,Portland Trail Blazers
PF,Caleb Swanigan,50,70,#66 PF,3,"6' 9""",257,22,4/18/97,3rd season,Purdue,Portland Trail Blazers
PF,Wenyen Gabriel,35,65,#103 PF,4,"6' 9""",218,22,3/26/97,Rookie,Kentucky,Portland Trail Blazers
C,Hassan Whiteside,21,88,#6 C,1,"6' 11""",233,30,6/13/89,8th season,Marshall,Portland Trail Blazers
C,Jusuf Nurkic,27,83,#24 C,2,"6' 11""",279,25,8/23/94,6th season,,Portland Trail Blazers
C,Zach Collins,33,77,#67 C,4,"6' 11""",231,21,11/19/97,3rd season,Gonzaga,Portland Trail Blazers
C,Moses Brown,4,70,#100 C,,"7' 1""",244,20,10/13/99,Rookie,UCLA,Portland Trail Blazers
PG,De'Aaron Fox,5,83,#24 PG,1,"6' 2""",182,21,12/20/97,3rd season,Kentucky,Sacramento Kings
PG,Cory Joseph,9,74,#82 PG,2,"6' 2""",198,28,8/20/91,9th season,Texas,Sacramento Kings
PG,Yogi Ferrell,3,70,#98 PG,3,"6' 0""",178,26,9/5/1993,4th season,Indiana,Sacramento Kings
SG,Buddy Hield,24,80,#7 SG,1,"6' 3""",218,26,12/17/92,4th season,Oklahoma,Sacramento Kings
SG,Bogdan Bogdanovic,8,79,#11 SG,2,"6' 5""",218,27,8/18/92,3rd season,,Sacramento Kings
SG,Justin James,10,70,#43 SG,2,"6' 7""",189,22,1/24/97,Rookie,Wyoming,Sacramento Kings
SG,Kyle Guy,7,70,#54 SG,3,"6' 0""",169,22,11/8/1997,Rookie,Virginia,Sacramento Kings
SG,DaQuan Jeffries,19,66,#66 SG,4,"6' 5""",213,22,8/30/97,Rookie,,Sacramento Kings
SF,Kent Bazemore,26,75,#34 SF,4,"6' 3""",194,30,1/7/1989,8th season,Old Dominion,Sacramento Kings
PF,Harrison Barnes,40,81,#53 PF,1,"6' 7""",224,27,5/30/92,8th season,UNC,Sacramento Kings
PF,Marvin Bagley III,35,79,#8 PF,1,"6' 11""",238,20,3/14/99,2nd season,Duke,Sacramento Kings
PF,Nemanja Bjelica,88,78,#13 PF,2,"6' 9""",233,31,9/5/1988,5th season,,Sacramento Kings
PF,Harry Giles,20,75,#43 PF,3,"6' 11""",238,21,4/22/98,2nd season,Duke,Sacramento Kings
PF,Jabari Parker,5,79,#28 PF,4,"6' 7""",244,24,3/15/95,6th season,Duke,Sacramento Kings
C,Richaun Holmes,22,80,#16 C,1,"6' 9""",238,26,10/15/93,5th season,Bowling Green,Sacramento Kings
C,Alex Len,25,80,#60 C,2,"6' 11""",249,26,6/16/93,7th season,Maryland,Sacramento Kings
PG,Dejounte Murray,5,79,#32 PG,1,"6' 3""",169,23,9/19/96,3rd season,Washington,San Antonio Spurs
PG,Patty Mills,8,80,#61 PG,2,"6' 0""",178,31,11/8/1988,11th season,Saint Mary's,San Antonio Spurs
PG,Derrick White,4,78,#55 PG,3,"6' 3""",189,25,2/7/1994,3rd season,,San Antonio Spurs
SG,Bryn Forbes,11,73,#20 SG,1,"6' 2""",189,26,7/23/93,4th season,Michigan State,San Antonio Spurs
SG,Lonnie Walker,1,71,#57 SG,2,"6' 5""",202,20,12/14/98,2nd season,Miami (FL),San Antonio Spurs
SG,Quinndary Weatherspoon,15,71,#61 SG,5,"6' 2""",205,23,10/9/1996,Rookie,Mississippi State,San Antonio Spurs
SF,DeMar DeRozan,10,88,#4 SF,1,"6' 5""",218,30,7/8/1989,11th season,USC,San Antonio Spurs
SF,Keldon Johnson,3,75,#59 SF,3,"6' 5""",209,20,11/10/1999,Rookie,Kentucky,San Antonio Spurs
SF,Marco Belinelli,18,70,#80 SF,4,"6' 5""",209,33,3/25/86,13th season,,San Antonio Spurs
PF,Rudy Gay,22,78,#20 PF,2,"6' 7""",229,33,8/17/86,14th season,UConn,San Antonio Spurs
PF,Trey Lyles,41,74,#68 PF,2,"6' 9""",233,23,5/11/1995,5th season,Kentucky,San Antonio Spurs
PF,Chimezie Metu,7,71,#83 PF,2,"6' 9""",224,22,3/22/97,2nd season,USC,San Antonio Spurs
PF,Luka Samanic,,74,#65 PF,4,"6' 9""",224,19,9/1/2000,Rookie,,San Antonio Spurs
PF,Drew Eubanks,14,67,#105 PF,,"6' 9""",244,22,1/2/1997,2nd season,Oregon State,San Antonio Spurs
C,LaMarcus Aldridge,12,86,#11 C,1,"6' 11""",257,34,7/19/85,14th season,Texas,San Antonio Spurs
C,Jakob Poltl,25,76,#29 C,1,"7' 1""",229,24,10/15/95,4th season,Utah,San Antonio Spurs
PG,Kyle Lowry,7,87,#15 PG,1,"6' 0""",194,33,3/25/86,14th season,Villanova,Toronto Raptors
PG,Fred VanVleet,23,82,#16 PG,2,"6' 0""",194,25,2/25/94,4th season,Wichita State,Toronto Raptors
SG,Norman Powell,24,80,#6 SG,2,"6' 2""",213,26,5/25/93,5th season,UCLA,Toronto Raptors
SG,Terence Davis,0,79,#10 SG,3,"6' 3""",202,22,5/16/97,Rookie,Ole Miss,Toronto Raptors
SG,Matt Thomas,21,77,#26 SG,4,"6' 3""",189,25,4/8/1994,Rookie,Iowa State,Toronto Raptors
SF,OG Anunoby,3,78,#15 SF,1,"6' 7""",231,22,7/17/97,3rd season,Indiana,Toronto Raptors
SF,Patrick McCaw,22,75,#29 SF,1,"6' 7""",182,23,10/25/95,4th season,UNLV,Toronto Raptors
SF,Rondae Hollis-Jefferson,4,81,#36 SF,2,"6' 5""",216,24,3/1/1995,5th season,Arizona,Toronto Raptors
SF,Malcolm Miller,13,69,#63 SF,3,"6' 7""",209,26,6/3/1993,3rd season,Holy Cross,Toronto Raptors
SF,Oshae Brissett,12,69,#88 SF,3,"6' 7""",209,21,6/20/98,Rookie,Syracuse,Toronto Raptors
SF,Paul Watson,1,66,#79 SF,3,"6' 7""",213,24,12/30/94,Rookie,Fresno State,Toronto Raptors
PF,Pascal Siakam,43,89,#6 PF,1,"6' 9""",229,25,2/4/1994,4th season,New Mexico State,Toronto Raptors
PF,Stanley Johnson,5,74,#84 PF,2,"6' 5""",244,23,5/29/96,5th season,Arizona,Toronto Raptors
PF,Chris Boucher,25,80,#21 PF,3,"6' 9""",198,26,11/1/1993,3rd season,Oregon,Toronto Raptors
C,Marc Gasol,33,80,#58 C,1,"6' 11""",253,34,1/29/85,12th season,,Toronto Raptors
C,Serge Ibaka,9,78,#55 C,2,"6' 11""",233,30,9/18/89,11th season,,Toronto Raptors
C,Dewan Hernandez,20,70,#90 C,4,"6' 9""",233,22,9/12/1996,Rookie,Miami (FL),Toronto Raptors
PG,Mike Conley,10,77,#20 PG,1,"6' 0""",174,32,11/10/1987,13th season,Ohio State,Utah Jazz
PG,Jordan Clarkson,0,78,#50 PG,2,"6' 3""",191,27,7/6/1992,6th season,,Utah Jazz
PG,Emmanuel Mudiay,15,77,#66 PG,2,"6' 2""",198,23,5/3/1996,5th season,,Utah Jazz
PG,Justin Wright-Foreman,,69,#111 PG,3,"6' 0""",189,21,10/27/97,Rookie,Hofstra,Utah Jazz
PG,Nigel Williams-Goss,0,71,#86 PG,4,"6' 2""",189,25,9/16/94,Rookie,,Utah Jazz
SG,Donovan Mitchell,45,90,#4 SG,1,"6' 0""",213,23,7/9/1996,3rd season,Louisville,Utah Jazz
SG,Miye Oni,24,71,#51 SG,3,"6' 5""",205,22,4/8/1997,Rookie,Yale,Utah Jazz
SG,Rayjon Tucker,6,71,#78 SG,5,"6' 5""",209,22,9/24/97,Rookie,,Utah Jazz
SF,Bojan Bogdanovic,44,81,#6 SF,1,"6' 7""",213,30,4/18/89,6th season,,Utah Jazz
PF,Joe Ingles,2,77,#27 PF,1,"6' 7""",224,32,2/10/1987,6th season,,Utah Jazz
PF,Royce O'Neale,23,72,#70 PF,2,"6' 3""",224,26,5/6/1993,3rd season,Baylor,Utah Jazz
PF,Jarrell Brantley,5,66,#101 PF,2,"6' 5""",249,23,7/6/1996,Rookie,College of Charleston,Utah Jazz
PF,Georges Niang,31,74,#51 PF,3,"6' 7""",229,26,6/17/93,4th season,Iowa State,Utah Jazz
PF,Juwan Morgan,16,65,#85 PF,4,"6' 7""",231,22,4/17/97,Rookie,Indiana,Utah Jazz
C,Rudy Gobert,27,90,#9 C,1,"7' 1""",244,27,6/26/92,7th season,,Utah Jazz
C,Ed Davis,17,73,#96 C,2,"6' 9""",224,30,5/6/1989,10th season,UNC,Utah Jazz
C,Tony Bradley,13,79,#85 C,3,"6' 9""",246,21,8/1/1998,3rd season,UNC,Utah Jazz
PG,Ish Smith,4,75,#47 PG,1,"6' 0""",174,31,5/7/1988,10th season,Wake Forest,Washington Wizards
PG,Shabazz Napier,5,75,#51 PG,2,"6' 0""",174,28,7/14/91,6th season,UConn,Washington Wizards
PG,Isaac Bonga,17,73,#99 PG,2,"6' 7""",178,19,8/11/1999,2nd season,,Washington Wizards
PG,John Wall,2,83,#8 PG,3,"6' 3""",209,29,6/9/1990,10th season,Kentucky,Washington Wizards
PG,Gary Payton II,20,76,#91 PG,,"6' 2""",189,26,1/12/1992,4th season,Oregon State,Washington Wizards
SG,Bradley Beal,3,91,#3 SG,1,"6' 2""",205,26,6/28/93,8th season,Florida,Washington Wizards
SG,Garrison Mathews,24,70,#53 SG,2,"6' 5""",213,22,10/24/96,Rookie,Lipscomb,Washington Wizards
SG,Jerome Robinson,12,71,#72 SG,3,"6' 3""",189,22,2/22/97,2nd season,Boston College,Washington Wizards
SF,Troy Brown Jr.,6,78,#39 SF,1,"6' 5""",213,20,7/28/99,2nd season,Oregon,Washington Wizards
SF,Admiral Schofield,1,72,#55 SF,3,"6' 5""",240,22,3/30/97,Rookie,Tennessee,Washington Wizards
PF,Rui Hachimura,8,77,#26 PF,1,"6' 7""",229,21,8/2/1998,Rookie,Gonzaga,Washington Wizards
PF,Davis Bertans,42,80,#22 PF,2,"6' 9""",224,26,12/11/1992,4th season,,Washington Wizards
C,Thomas Bryant,13,81,#57 C,1,"6' 9""",246,22,7/31/97,3rd season,Indiana,Washington Wizards
C,Moritz Wagner,21,75,#50 C,2,"6' 11""",244,22,4/26/97,2nd season,Michigan,Washington Wizards
C,Ian Mahinmi,28,74,#48 C,3,"6' 11""",260,32,5/11/1986,12th season,,Washington Wizards
C,Johnathan Williams,19,70,#95 C,3,"6' 9""",227,24,5/22/95,2nd season,,Washington Wizards
C,Anzejs Pasecniks,18,76,#89 C,4,"7' 1""",218,23,12/20/95,Rookie,,Washington Wizards
,,,,,,,,,,,,
,,,,,,,,,,,,
,,,,,,,,,,,,
,,,,,,,,,,,,
,,,,,,,,,,,,
,,,,,,,,,,,,
,,,,,,,,,,,,
,,,,,,,,,,,,
,,,,,,,,,,,,
,,,,,,,,,,,,
,,,,,,,,,,,,
,,,,,,,,,,,,
,,,,,,,,,,,,
,,,,,,,,,,,,
,,,,,,,,,,,,
,,,,,,,,,,,,
,,,,,,,,,,,,
,,,,,,,,,,,,
,,,,,,,,,,,,
,,,,,,,,,,,,
,,,,,,,,,,,,
,,,,,,,,,,,,
,,,,,,,,,,,,
,,,,,,,,,,,,
,,,,,,,,,,,,
,,,,,,,,,,,,
,,,,,,,,,,,,
,,,,,,,,,,,,
,,,,,,,,,,,,
,,,,,,,,,,,,
,,,,,,,,,,,,
,,,,,,,,,,,,
,,,,,,,,,,,,
,,,,,,,,,,,,
,,,,,,,,,,,,
,,,,,,,,,,,,
,,,,,,,,,,,,
,,,,,,,,,,,,
,,,,,,,,,,,,
,,,,,,,,,,,,
,,,,,,,,,,,,
,,,,,,,,,,,,
,,,,,,,,,,,,
,,,,,,,,,,,,
,,,,,,,,,,,,
,,,,,,,,,,,,
,,,,,,,,,,,,
,,,,,,,,,,,,
,,,,,,,,,,,,
,,,,,,,,,,,,
,,,,,,,,,,,,
,,,,,,,,,,,,
,,,,,,,,,,,,
,,,,,,,,,,,,
,,,,,,,,,,,,
,,,,,,,,,,,,
,,,,,,,,,,,,
,,,,,,,,,,,,
,,,,,,,,,,,,
,,,,,,,,,,,,
,,,,,,,,,,,,
,,,,,,,,,,,,
,,,,,,,,,,,,
,,,,,,,,,,,,
,,,,,,,,,,,,
,,,,,,,,,,,,
,,,,,,,,,,,,
,,,,,,,,,,,,
,,,,,,,,,,,,
,,,,,,,,,,,,
,,,,,,,,,,,,
,,,,,,,,,,,,
,,,,,,,,,,,,
,,,,,,,,,,,,
,,,,,,,,,,,,
,,,,,,,,,,,,
,,,,,,,,,,,,
,,,,,,,,,,,,
,,,,,,,,,,,,
,,,,,,,,,,,,
,,,,,,,,,,,,
,,,,,,,,,,,,
,,,,,,,,,,,,
,,,,,,,,,,,,
,,,,,,,,,,,,
,,,,,,,,,,,,
,,,,,,,,,,,,
,,,,,,,,,,,,
,,,,,,,,,,,,
,,,,,,,,,,,,
,,,,,,,,,,,,
,,,,,,,,,,,,
,,,,,,,,,,,,
,,,,,,,,,,,,
,,,,,,,,,,,,
,,,,,,,,,,,,
,,,,,,,,,,,,
,,,,,,,,,,,,
,,,,,,,,,,,,
,,,,,,,,,,,,
,,,,,,,,,,,,
,,,,,,,,,,,,
,,,,,,,,,,,,
,,,,,,,,,,,,
,,,,,,,,,,,,
,,,,,,,,,,,,
,,,,,,,,,,,,
,,,,,,,,,,,,
,,,,,,,,,,,,
,,,,,,,,,,,,
,,,,,,,,,,,,
,,,,,,,,,,,,
,,,,,,,,,,,,
,,,,,,,,,,,,
,,,,,,,,,,,,
,,,,,,,,,,,,
,,,,,,,,,,,,
,,,,,,,,,,,,
,,,,,,,,,,,,
,,,,,,,,,,,,
,,,,,,,,,,,,
,,,,,,,,,,,,
,,,,,,,,,,,,
,,,,,,,,,,,,
,,,,,,,,,,,,
,,,,,,,,,,,,
,,,,,,,,,,,,
,,,,,,,,,,,,
,,,,,,,,,,,,
,,,,,,,,,,,,
,,,,,,,,,,,,
,,,,,,,,,,,,
,,,,,,,,,,,,
,,,,,,,,,,,,
,,,,,,,,,,,,
,,,,,,,,,,,,
,,,,,,,,,,,,
,,,,,,,,,,,,
,,,,,,,,,,,,
,,,,,,,,,,,,
,,,,,,,,,,,,
,,,,,,,,,,,,
,,,,,,,,,,,,
,,,,,,,,,,,,
,,,,,,,,,,,,
,,,,,,,,,,,,
,,,,,,,,,,,,
,,,,,,,,,,,,
,,,,,,,,,,,,
,,,,,,,,,,,,
,,,,,,,,,,,,
,,,,,,,,,,,,
,,,,,,,,,,,,
,,,,,,,,,,,,
,,,,,,,,,,,,
,,,,,,,,,,,,
,,,,,,,,,,,,
,,,,,,,,,,,,
,,,,,,,,,,,,
,,,,,,,,,,,,
,,,,,,,,,,,,
,,,,,,,,,,,,
,,,,,,,,,,,,
,,,,,,,,,,,,
,,,,,,,,,,,,
,,,,,,,,,,,,
,,,,,,,,,,,,
,,,,,,,,,,,,
,,,,,,,,,,,,
,,,,,,,,,,,,
,,,,,,,,,,,,
,,,,,,,,,,,,
,,,,,,,,,,,,
,,,,,,,,,,,,
,,,,,,,,,,,,
,,,,,,,,,,,,
,,,,,,,,,,,,
,,,,,,,,,,,,
,,,,,,,,,,,,
,,,,,,,,,,,,
,,,,,,,,,,,,
,,,,,,,,,,,,
,,,,,,,,,,,,
,,,,,,,,,,,,
,,,,,,,,,,,,
,,,,,,,,,,,,
,,,,,,,,,,,,
,,,,,,,,,,,,
,,,,,,,,,,,,
,,,,,,,,,,,,
,,,,,,,,,,,,
,,,,,,,,,,,,
,,,,,,,,,,,,
,,,,,,,,,,,,
,,,,,,,,,,,,
,,,,,,,,,,,,
,,,,,,,,,,,,
,,,,,,,,,,,,
,,,,,,,,,,,,
,,,,,,,,,,,,
,,,,,,,,,,,,
,,,,,,,,,,,,
,,,,,,,,,,,,
,,,,,,,,,,,,
,,,,,,,,,,,,
,,,,,,,,,,,,
,,,,,,,,,,,,
,,,,,,,,,,,,
,,,,,,,,,,,,
,,,,,,,,,,,,
,,,,,,,,,,,,
,,,,,,,,,,,,
,,,,,,,,,,,,
,,,,,,,,,,,,
,,,,,,,,,,,,
,,,,,,,,,,,,
,,,,,,,,,,,,
,,,,,,,,,,,,
,,,,,,,,,,,,
,,,,,,,,,,,,
,,,,,,,,,,,,
,,,,,,,,,,,,
,,,,,,,,,,,,
,,,,,,,,,,,,
,,,,,,,,,,,,
,,,,,,,,,,,,
,,,,,,,,,,,,
,,,,,,,,,,,,
,,,,,,,,,,,,
,,,,,,,,,,,,
,,,,,,,,,,,,
,,,,,,,,,,,,
,,,,,,,,,,,,
,,,,,,,,,,,,
,,,,,,,,,,,,
,,,,,,,,,,,,
,,,,,,,,,,,,
,,,,,,,,,,,,
,,,,,,,,,,,,
,,,,,,,,,,,,
,,,,,,,,,,,,
,,,,,,,,,,,,
,,,,,,,,,,,,
,,,,,,,,,,,,
,,,,,,,,,,,,
,,,,,,,,,,,,
,,,,,,,,,,,,
,,,,,,,,,,,,
,,,,,,,,,,,,
,,,,,,,,,,,,
,,,,,,,,,,,,
,,,,,,,,,,,,
,,,,,,,,,,,,
,,,,,,,,,,,,
,,,,,,,,,,,,
,,,,,,,,,,,,
,,,,,,,,,,,,
,,,,,,,,,,,,
,,,,,,,,,,,,
,,,,,,,,,,,,
,,,,,,,,,,,,
,,,,,,,,,,,,
,,,,,,,,,,,,
,,,,,,,,,,,,
,,,,,,,,,,,,
,,,,,,,,,,,,
,,,,,,,,,,,,
,,,,,,,,,,,,
,,,,,,,,,,,,
,,,,,,,,,,,,
,,,,,,,,,,,,
,,,,,,,,,,,,
,,,,,,,,,,,,
,,,,,,,,,,,,
,,,,,,,,,,,,
,,,,,,,,,,,,
,,,,,,,,,,,,
,,,,,,,,,,,,
,,,,,,,,,,,,
,,,,,,,,,,,,
,,,,,,,,,,,,
,,,,,,,,,,,,
,,,,,,,,,,,,
,,,,,,,,,,,,
,,,,,,,,,,,,
,,,,,,,,,,,,
,,,,,,,,,,,,
,,,,,,,,,,,,
,,,,,,,,,,,,
,,,,,,,,,,,,
,,,,,,,,,,,,
,,,,,,,,,,,,
,,,,,,,,,,,,
,,,,,,,,,,,,
,,,,,,,,,,,,
,,,,,,,,,,,,
,,,,,,,,,,,,
,,,,,,,,,,,,
,,,,,,,,,,,,
,,,,,,,,,,,,
,,,,,,,,,,,,
,,,,,,,,,,,,
,,,,,,,,,,,,
,,,,,,,,,,,,
,,,,,,,,,,,,
,,,,,,,,,,,,
,,,,,,,,,,,,
,,,,,,,,,,,,
,,,,,,,,,,,,
,,,,,,,,,,,,
,,,,,,,,,,,,
,,,,,,,,,,,,
,,,,,,,,,,,,
,,,,,,,,,,,,
,,,,,,,,,,,,
,,,,,,,,,,,,
,,,,,,,,,,,,
,,,,,,,,,,,,
,,,,,,,,,,,,
,,,,,,,,,,,,
,,,,,,,,,,,,
,,,,,,,,,,,,
,,,,,,,,,,,,
,,,,,,,,,,,,
,,,,,,,,,,,,
,,,,,,,,,,,,
,,,,,,,,,,,,
,,,,,,,,,,,,
,,,,,,,,,,,,
,,,,,,,,,,,,
,,,,,,,,,,,,
,,,,,,,,,,,,
,,,,,,,,,,,,
,,,,,,,,,,,,
,,,,,,,,,,,,
,,,,,,,,,,,,
,,,,,,,,,,,,
,,,,,,,,,,,,
,,,,,,,,,,,,
,,,,,,,,,,,,
,,,,,,,,,,,,
,,,,,,,,,,,,
,,,,,,,,,,,,
,,,,,,,,,,,,
,,,,,,,,,,,,
,,,,,,,,,,,,
,,,,,,,,,,,,
,,,,,,,,,,,,
,,,,,,,,,,,,
,,,,,,,,,,,,
,,,,,,,,,,,,
,,,,,,,,,,,,
,,,,,,,,,,,,
,,,,,,,,,,,,
,,,,,,,,,,,,
,,,,,,,,,,,,
,,,,,,,,,,,,
,,,,,,,,,,,,
,,,,,,,,,,,,
,,,,,,,,,,,,
,,,,,,,,,,,,
,,,,,,,,,,,,
,,,,,,,,,,,,
,,,,,,,,,,,,
,,,,,,,,,,,,
,,,,,,,,,,,,
,,,,,,,,,,,,
,,,,,,,,,,,,
,,,,,,,,,,,,
,,,,,,,,,,,,
,,,,,,,,,,,,
,,,,,,,,,,,,
,,,,,,,,,,,,
,,,,,,,,,,,,
,,,,,,,,,,,,
,,,,,,,,,,,,
,,,,,,,,,,,,
,,,,,,,,,,,,
,,,,,,,,,,,,
,,,,,,,,,,,,
,,,,,,,,,,,,
,,,,,,,,,,,,
,,,,,,,,,,,,
,,,,,,,,,,,,
,,,,,,,,,,,,
,,,,,,,,,,,,
,,,,,,,,,,,,
,,,,,,,,,,,,
,,,,,,,,,,,,
,,,,,,,,,,,,
,,,,,,,,,,,,
,,,,,,,,,,,,
,,,,,,,,,,,,
,,,,,,,,,,,,
,,,,,,,,,,,,
,,,,,,,,,,,,
,,,,,,,,,,,,
,,,,,,,,,,,,
,,,,,,,,,,,,
,,,,,,,,,,,,
,,,,,,,,,,,,
,,,,,,,,,,,,
,,,,,,,,,,,,
,,,,,,,,,,,,
,,,,,,,,,,,,
,,,,,,,,,,,,
,,,,,,,,,,,,
,,,,,,,,,,,,
,,,,,,,,,,,,
,,,,,,,,,,,,
,,,,,,,,,,,,
,,,,,,,,,,,,
,,,,,,,,,,,,
,,,,,,,,,,,,
,,,,,,,,,,,,
,,,,,,,,,,,,
,,,,,,,,,,,,
,,,,,,,,,,,,
,,,,,,,,,,,,
,,,,,,,,,,,,
,,,,,,,,,,,,
,,,,,,,,,,,,
,,,,,,,,,,,,
,,,,,,,,,,,,
,,,,,,,,,,,,
,,,,,,,,,,,,
,,,,,,,,,,,,
,,,,,,,,,,,,
,,,,,,,,,,,,
,,,,,,,,,,,,
,,,,,,,,,,,,
,,,,,,,,,,,,
,,,,,,,,,,,,
,,,,,,,,,,,,
,,,,,,,,,,,,
,,,,,,,,,,,,
,,,,,,,,,,,,
,,,,,,,,,,,,
,,,,,,,,,,,,
,,,,,,,,,,,,
,,,,,,,,,,,,
,,,,,,,,,,,,
,,,,,,,,,,,,
,,,,,,,,,,,,
,,,,,,,,,,,,
,,,,,,,,,,,,
,,,,,,,,,,,,
,,,,,,,,,,,,
,,,,,,,,,,,,
,,,,,,,,,,,,
,,,,,,,,,,,,
,,,,,,,,,,,,
,,,,,,,,,,,,
,,,,,,,,,,,,
,,,,,,,,,,,,
,,,,,,,,,,,,
,,,,,,,,,,,,
,,,,,,,,,,,,
,,,,,,,,,,,,
,,,,,,,,,,,,
,,,,,,,,,,,,
,,,,,,,,,,,,
,,,,,,,,,,,,
,,,,,,,,,,,,
,,,,,,,,,,,,
,,,,,,,,,,,,
,,,,,,,,,,,,
,,,,,,,,,,,,
,,,,,,,,,,,,
,,,,,,,,,,,,
,,,,,,,,,,,,
,,,,,,,,,,,,
,,,,,,,,,,,,
,,,,,,,,,,,,
,,,,,,,,,,,,
,,,,,,,,,,,,
,,,,,,,,,,,,
,,,,,,,,,,,,
,,,,,,,,,,,,
,,,,,,,,,,,,
,,,,,,,,,,,,
,,,,,,,,,,,,
,,,,,,,,,,,,
,,,,,,,,,,,,
,,,,,,,,,,,,
,,,,,,,,,,,,
,,,,,,,,,,,,
,,,,,,,,,,,,
,,,,,,,,,,,,
,,,,,,,,,,,,
,,,,,,,,,,,,
,,,,,,,,,,,,
,,,,,,,,,,,,
,,,,,,,,,,,,
,,,,,,,,,,,,
,,,,,,,,,,,,
,,,,,,,,,,,,
,,,,,,,,,,,,
,,,,,,,,,,,,
,,,,,,,,,,,,
,,,,,,,,,,,,
,,,,,,,,,,,,
,,,,,,,,,,,,
,,,,,,,,,,,,
,,,,,,,,,,,,
